<?xml version="1.0" encoding="UTF-8"?><InteractionHistory Id="local-1" Version="1"><InteractionEvent Delta="null" EndDate="2020-11-23 10:16:11.249 CST" Interest="858.644" Kind="propagation" Navigation="org.eclipse.mylyn.core.model.edges.containment" OriginId="org.eclipse.mylyn.core.model.interest.propagation" StartDate="2020-11-22 14:31:58.464 CST" StructureHandle="" StructureKind="java" NumEvents="1179" CreationCount="1"/><InteractionEvent Delta="null" EndDate="2020-11-22 14:32:11.358 CST" Interest="3.0" Kind="selection" Navigation="null" OriginId="org.eclipse.ui.navigator.ProjectExplorer" StartDate="2020-11-22 14:32:07.74 CST" StructureHandle="/BBS/build" StructureKind="resource" NumEvents="3" CreationCount="7"/><InteractionEvent Delta="null" EndDate="2020-11-22 22:34:17.38 CST" Interest="18.0" Kind="selection" Navigation="null" OriginId="org.eclipse.ui.navigator.ProjectExplorer" StartDate="2020-11-22 14:34:41.254 CST" StructureHandle="/杂七杂八的玩意儿/WebContent/ShowArticleTree.jsp" StructureKind="resource" NumEvents="18" CreationCount="81"/><InteractionEvent Delta="null" EndDate="2020-11-22 22:09:09.330 CST" Interest="4.7260017" Kind="manipulation" Navigation="null" OriginId="org.eclipse.mylyn.core.model.interest.decay.correction" StartDate="2020-11-22 22:09:09.330 CST" StructureHandle="/杂七杂八的玩意儿/WebContent/ShowArticleTree.jsp" StructureKind="resource"/><InteractionEvent Delta="null" EndDate="2020-11-22 22:09:40.201 CST" Interest="16.0" Kind="edit" Navigation="null" OriginId="org.eclipse.jst.jsp.core.jspsource.source" StartDate="2020-11-22 14:34:41.403 CST" StructureHandle="/杂七杂八的玩意儿/WebContent/ShowArticleTree.jsp" StructureKind="resource" NumEvents="16" CreationCount="81"/><InteractionEvent Delta="null" EndDate="2020-11-23 15:27:30.455 CST" Interest="11.0" Kind="selection" Navigation="null" OriginId="org.eclipse.jst.jsp.core.jspsource.source" StartDate="2020-11-22 15:31:59.620 CST" StructureHandle="/杂七杂八的玩意儿/WebContent/Post.jsp" StructureKind="resource" NumEvents="11" CreationCount="323"/><InteractionEvent Delta="null" EndDate="2020-11-22 22:34:17.231 CST" Interest="17.757002" Kind="manipulation" Navigation="null" OriginId="org.eclipse.mylyn.core.model.interest.decay.correction" StartDate="2020-11-22 22:09:07.617 CST" StructureHandle="/杂七杂八的玩意儿/WebContent/Post.jsp" StructureKind="resource" NumEvents="2" CreationCount="323"/><InteractionEvent Delta="null" EndDate="2020-11-23 15:27:32.453 CST" Interest="16.0" Kind="edit" Navigation="null" OriginId="org.eclipse.jst.jsp.core.jspsource.source" StartDate="2020-11-22 15:32:01.575 CST" StructureHandle="/杂七杂八的玩意儿/WebContent/Post.jsp" StructureKind="resource" NumEvents="16" CreationCount="323"/><InteractionEvent Delta="null" EndDate="2020-11-22 17:46:01.590 CST" Interest="5.0" Kind="selection" Navigation="null" OriginId="org.eclipse.ui.navigator.ProjectExplorer" StartDate="2020-11-22 14:32:00.45 CST" StructureHandle="=JDBC" StructureKind="java" NumEvents="5" CreationCount="4"/><InteractionEvent Delta="null" EndDate="2020-11-22 17:46:01.340 CST" Interest="21.797" Kind="manipulation" Navigation="null" OriginId="org.eclipse.mylyn.core.model.interest.decay.correction" StartDate="2020-11-22 17:46:01.340 CST" StructureHandle="=JDBC" StructureKind="java"/><InteractionEvent Delta="null" EndDate="2020-11-22 14:32:07.507 CST" Interest="1.0" Kind="selection" Navigation="null" OriginId="org.eclipse.ui.navigator.ProjectExplorer" StartDate="2020-11-22 14:32:07.507 CST" StructureHandle="/BBS/BBSsql" StructureKind="resource"/><InteractionEvent Delta="null" EndDate="2020-11-22 15:27:20.318 CST" Interest="8.925" Kind="propagation" Navigation="org.eclipse.mylyn.core.model.edges.containment" OriginId="org.eclipse.mylyn.core.model.interest.propagation" StartDate="2020-11-22 14:59:38.982 CST" StructureHandle="/BBS/BBSsql" StructureKind="resource" NumEvents="9" CreationCount="8"/><InteractionEvent Delta="null" EndDate="2020-11-22 16:02:49.952 CST" Interest="14.0" Kind="selection" Navigation="null" OriginId="org.eclipse.ui.navigator.ProjectExplorer" StartDate="2020-11-22 14:32:28.274 CST" StructureHandle="/BBS/WebContent/reply.jsp" StructureKind="resource" NumEvents="14" CreationCount="19"/><InteractionEvent Delta="null" EndDate="2020-11-22 15:40:05.88 CST" Interest="2.3890004" Kind="manipulation" Navigation="null" OriginId="org.eclipse.mylyn.core.model.interest.decay.correction" StartDate="2020-11-22 15:40:05.88 CST" StructureHandle="/BBS/WebContent/reply.jsp" StructureKind="resource"/><InteractionEvent Delta="null" EndDate="2020-11-22 16:02:23.78 CST" Interest="15.0" Kind="edit" Navigation="null" OriginId="org.eclipse.jst.jsp.core.jspsource.source" StartDate="2020-11-22 14:32:28.462 CST" StructureHandle="/BBS/WebContent/reply.jsp" StructureKind="resource" NumEvents="15" CreationCount="19"/><InteractionEvent Delta="null" EndDate="2020-11-22 14:57:48.479 CST" Interest="1.0" Kind="selection" Navigation="null" OriginId="org.eclipse.ui.navigator.ProjectExplorer" StartDate="2020-11-22 14:57:48.479 CST" StructureHandle="/杂七杂八的玩意儿/WebContent/WEB-INF" StructureKind="resource"/><InteractionEvent Delta="null" EndDate="2020-11-22 14:31:59.7 CST" Interest="1.0" Kind="propagation" Navigation="null" OriginId="org.eclipse.ui.navigator.ProjectExplorer" StartDate="2020-11-22 14:31:59.7 CST" StructureHandle="/JavaEE" StructureKind="resource"/><InteractionEvent Delta="null" EndDate="2020-11-22 17:46:29.668 CST" Interest="3.0" Kind="propagation" Navigation="org.eclipse.mylyn.core.model.edges.containment" OriginId="org.eclipse.mylyn.core.model.interest.propagation" StartDate="2020-11-22 17:46:28.858 CST" StructureHandle="/JDBC/src" StructureKind="resource" NumEvents="3" CreationCount="1350"/><InteractionEvent Delta="null" EndDate="2020-11-22 17:46:29.668 CST" Interest="3.0" Kind="propagation" Navigation="org.eclipse.mylyn.core.model.edges.containment" OriginId="org.eclipse.mylyn.core.model.interest.propagation" StartDate="2020-11-22 17:46:28.858 CST" StructureHandle="/JDBC/src/第一阶段" StructureKind="resource" NumEvents="3" CreationCount="1350"/><InteractionEvent Delta="null" EndDate="2020-11-23 14:53:49.733 CST" Interest="62.0" Kind="selection" Navigation="null" OriginId="org.eclipse.jst.jsp.core.jspsource.source" StartDate="2020-11-22 14:32:39.762 CST" StructureHandle="/BBS/WebContent/bbs.jsp" StructureKind="resource" NumEvents="62" CreationCount="28"/><InteractionEvent Delta="null" EndDate="2020-11-23 14:53:52.327 CST" Interest="419.0" Kind="edit" Navigation="null" OriginId="org.eclipse.jst.jsp.core.jspsource.source" StartDate="2020-11-22 14:32:40.26 CST" StructureHandle="/BBS/WebContent/bbs.jsp" StructureKind="resource" NumEvents="419" CreationCount="28"/><InteractionEvent Delta="null" EndDate="2020-11-22 17:38:12.70 CST" Interest="1.0" Kind="selection" Navigation="null" OriginId="org.eclipse.jst.jsp.core.jspsource.source" StartDate="2020-11-22 17:38:12.70 CST" StructureHandle="/BBS/WebContent/post1323122222.jsp" StructureKind="resource"/><InteractionEvent Delta="null" EndDate="2020-11-22 17:37:14.226 CST" Interest="1.0" Kind="propagation" Navigation="null" OriginId="org.eclipse.mylyn.resources.ui.interest.updater" StartDate="2020-11-22 17:37:14.226 CST" StructureHandle="/BBS/WebContent/post1323122222.jsp" StructureKind="resource"/><InteractionEvent Delta="null" EndDate="2020-11-22 17:38:12.123 CST" Interest="2.0" Kind="edit" Navigation="null" OriginId="org.eclipse.jst.jsp.core.jspsource.source" StartDate="2020-11-22 17:38:12.106 CST" StructureHandle="/BBS/WebContent/post1323122222.jsp" StructureKind="resource" NumEvents="2" CreationCount="1234"/><InteractionEvent Delta="null" EndDate="2020-11-22 17:46:29.668 CST" Interest="8.0" Kind="propagation" Navigation="null" OriginId="org.eclipse.jdt.ui.CompilationUnitEditor" StartDate="2020-11-22 14:32:00.45 CST" StructureHandle="/JDBC" StructureKind="resource" NumEvents="8" CreationCount="4"/><InteractionEvent Delta="null" EndDate="2020-11-22 17:46:01.340 CST" Interest="21.814001" Kind="manipulation" Navigation="null" OriginId="org.eclipse.mylyn.core.model.interest.decay.correction" StartDate="2020-11-22 17:46:01.340 CST" StructureHandle="/JDBC" StructureKind="resource"/><InteractionEvent Delta="null" EndDate="2020-11-24 14:06:00.728 CST" Interest="1896.0" Kind="propagation" Navigation="null" OriginId="org.eclipse.jst.jsp.core.jspsource.source" StartDate="2020-11-22 14:32:04.936 CST" StructureHandle="/BBS" StructureKind="resource" NumEvents="1896" CreationCount="5"/><InteractionEvent Delta="null" EndDate="2020-11-22 14:31:59.628 CST" Interest="1.0" Kind="propagation" Navigation="null" OriginId="org.eclipse.ui.navigator.ProjectExplorer" StartDate="2020-11-22 14:31:59.628 CST" StructureHandle="/JX_Student_Management_Web" StructureKind="resource"/><InteractionEvent Delta="null" EndDate="2020-11-22 17:38:13.42 CST" Interest="13.0" Kind="selection" Navigation="null" OriginId="org.eclipse.jst.jsp.core.jspsource.source" StartDate="2020-11-22 14:32:27.803 CST" StructureHandle="/BBS/WebContent/detail.jsp" StructureKind="resource" NumEvents="13" CreationCount="15"/><InteractionEvent Delta="null" EndDate="2020-11-22 17:38:09.326 CST" Interest="0.229002" Kind="manipulation" Navigation="null" OriginId="org.eclipse.mylyn.core.model.interest.decay.correction" StartDate="2020-11-22 17:38:09.326 CST" StructureHandle="/BBS/WebContent/detail.jsp" StructureKind="resource"/><InteractionEvent Delta="null" EndDate="2020-11-22 17:38:13.89 CST" Interest="16.0" Kind="edit" Navigation="null" OriginId="org.eclipse.jst.jsp.core.jspsource.source" StartDate="2020-11-22 14:32:27.957 CST" StructureHandle="/BBS/WebContent/detail.jsp" StructureKind="resource" NumEvents="16" CreationCount="15"/><InteractionEvent Delta="null" EndDate="2020-11-22 17:37:01.944 CST" Interest="22.0" Kind="selection" Navigation="null" OriginId="org.eclipse.ui.navigator.ProjectExplorer" StartDate="2020-11-22 16:03:04.137 CST" StructureHandle="/BBS/WebContent/post2.jsp" StructureKind="resource" NumEvents="22" CreationCount="818"/><InteractionEvent Delta="null" EndDate="2020-11-22 16:03:02.787 CST" Interest="1.0" Kind="propagation" Navigation="null" OriginId="org.eclipse.mylyn.resources.ui.interest.updater" StartDate="2020-11-22 16:03:02.787 CST" StructureHandle="/BBS/WebContent/post2.jsp" StructureKind="resource"/><InteractionEvent Delta="null" EndDate="2020-11-22 17:36:57.205 CST" Interest="62.0" Kind="edit" Navigation="null" OriginId="org.eclipse.jst.jsp.core.jspsource.source" StartDate="2020-11-22 16:03:43.315 CST" StructureHandle="/BBS/WebContent/post2.jsp" StructureKind="resource" NumEvents="62" CreationCount="818"/><InteractionEvent Delta="null" EndDate="2020-11-22 22:09:02.320 CST" Interest="4.0" Kind="selection" Navigation="null" OriginId="org.eclipse.ui.navigator.ProjectExplorer" StartDate="2020-11-22 17:53:45.188 CST" StructureHandle="/BBS/WebContent/post13231.jsp" StructureKind="resource" NumEvents="4" CreationCount="1215"/><InteractionEvent Delta="null" EndDate="2020-11-22 17:36:24.269 CST" Interest="1.0" Kind="propagation" Navigation="null" OriginId="org.eclipse.mylyn.resources.ui.interest.updater" StartDate="2020-11-22 17:36:24.269 CST" StructureHandle="/BBS/WebContent/post13231.jsp" StructureKind="resource"/><InteractionEvent Delta="null" EndDate="2020-11-22 17:53:45.188 CST" Interest="2.2640002" Kind="manipulation" Navigation="null" OriginId="org.eclipse.mylyn.core.model.interest.decay.correction" StartDate="2020-11-22 17:53:45.188 CST" StructureHandle="/BBS/WebContent/post13231.jsp" StructureKind="resource"/><InteractionEvent Delta="null" EndDate="2020-11-22 17:57:48.212 CST" Interest="2.0" Kind="edit" Navigation="null" OriginId="org.eclipse.jst.jsp.core.jspsource.source" StartDate="2020-11-22 17:53:45.395 CST" StructureHandle="/BBS/WebContent/post13231.jsp" StructureKind="resource" NumEvents="2" CreationCount="1215"/><InteractionEvent Delta="null" EndDate="2020-11-22 14:34:33.489 CST" Interest="3.0" Kind="selection" Navigation="null" OriginId="org.eclipse.ui.navigator.ProjectExplorer" StartDate="2020-11-22 14:34:31.839 CST" StructureHandle="/杂七杂八的玩意儿/WebContent/Delete.jsp" StructureKind="resource" NumEvents="3" CreationCount="73"/><InteractionEvent Delta="null" EndDate="2020-11-22 14:34:36.208 CST" Interest="2.0" Kind="edit" Navigation="null" OriginId="org.eclipse.jst.jsp.core.jspsource.source" StartDate="2020-11-22 14:34:32.9 CST" StructureHandle="/杂七杂八的玩意儿/WebContent/Delete.jsp" StructureKind="resource" NumEvents="2" CreationCount="73"/><InteractionEvent Delta="null" EndDate="2020-11-22 17:46:29.668 CST" Interest="2.7000003" Kind="propagation" Navigation="org.eclipse.mylyn.core.model.edges.containment" OriginId="org.eclipse.mylyn.core.model.interest.propagation" StartDate="2020-11-22 17:46:28.858 CST" StructureHandle="=JDBC/src&amp;lt;第一阶段" StructureKind="java" NumEvents="3" CreationCount="1350"/><InteractionEvent Delta="null" EndDate="2020-11-22 15:39:47.719 CST" Interest="7.0" Kind="selection" Navigation="null" OriginId="org.eclipse.jst.jsp.core.jspsource.source" StartDate="2020-11-22 14:32:27.276 CST" StructureHandle="/BBS/WebContent/delete.jsp" StructureKind="resource" NumEvents="7" CreationCount="11"/><InteractionEvent Delta="null" EndDate="2020-11-22 15:39:47.762 CST" Interest="8.0" Kind="edit" Navigation="null" OriginId="org.eclipse.jst.jsp.core.jspsource.source" StartDate="2020-11-22 14:32:27.487 CST" StructureHandle="/BBS/WebContent/delete.jsp" StructureKind="resource" NumEvents="8" CreationCount="11"/><InteractionEvent Delta="null" EndDate="2020-11-22 17:46:29.668 CST" Interest="3.0" Kind="propagation" Navigation="null" OriginId="org.eclipse.jdt.ui.CompilationUnitEditor" StartDate="2020-11-22 17:46:28.858 CST" StructureHandle="/JDBC/src/第一阶段/动态查询.java" StructureKind="resource" NumEvents="3" CreationCount="1350"/><InteractionEvent Delta="null" EndDate="2020-11-22 22:09:08.173 CST" Interest="2.0" Kind="selection" Navigation="null" OriginId="org.eclipse.ui.navigator.ProjectExplorer" StartDate="2020-11-22 22:09:07.272 CST" StructureHandle="/杂七杂八的玩意儿/WebContent/ReplyOK.jsp" StructureKind="resource" NumEvents="2" CreationCount="1556"/><InteractionEvent Delta="null" EndDate="2020-11-22 14:32:04.936 CST" Interest="1.0" Kind="selection" Navigation="null" OriginId="org.eclipse.ui.navigator.ProjectExplorer" StartDate="2020-11-22 14:32:04.936 CST" StructureHandle="=BBS" StructureKind="java"/><InteractionEvent Delta="null" EndDate="2020-11-24 14:06:00.725 CST" Interest="843.705" Kind="propagation" Navigation="org.eclipse.mylyn.core.model.edges.containment" OriginId="org.eclipse.mylyn.core.model.interest.propagation" StartDate="2020-11-22 14:32:06.749 CST" StructureHandle="=BBS" StructureKind="java" NumEvents="1173" CreationCount="5"/><InteractionEvent Delta="null" EndDate="2020-11-23 15:27:32.453 CST" Interest="109.0" Kind="propagation" Navigation="null" OriginId="org.eclipse.jst.jsp.core.jspsource.source" StartDate="2020-11-22 14:34:31.840 CST" StructureHandle="/杂七杂八的玩意儿" StructureKind="resource" NumEvents="109" CreationCount="73"/><InteractionEvent Delta="null" EndDate="2020-11-22 22:09:08.504 CST" Interest="1.0" Kind="selection" Navigation="null" OriginId="org.eclipse.ui.navigator.ProjectExplorer" StartDate="2020-11-22 22:09:08.504 CST" StructureHandle="/杂七杂八的玩意儿/WebContent/ShowArticleFlat.jsp" StructureKind="resource"/><InteractionEvent Delta="null" EndDate="2020-11-24 14:06:00.729 CST" Interest="2012.068" Kind="propagation" Navigation="null" OriginId="org.eclipse.jst.jsp.core.jspsource.source" StartDate="2020-11-22 14:31:58.464 CST" StructureHandle="/" StructureKind="resource" NumEvents="2016" CreationCount="1"/><InteractionEvent Delta="null" EndDate="2020-11-22 14:31:59.7 CST" Interest="1.0" Kind="selection" Navigation="null" OriginId="org.eclipse.ui.navigator.ProjectExplorer" StartDate="2020-11-22 14:31:59.7 CST" StructureHandle="=JavaEE" StructureKind="java"/><InteractionEvent Delta="null" EndDate="2020-11-22 17:46:29.447 CST" Interest="2.0" Kind="selection" Navigation="null" OriginId="org.eclipse.jdt.ui.CompilationUnitEditor" StartDate="2020-11-22 17:46:28.857 CST" StructureHandle="=JDBC/src&amp;lt;第一阶段{动态查询.java" StructureKind="java" NumEvents="2" CreationCount="1350"/><InteractionEvent Delta="null" EndDate="2020-11-22 17:46:29.668 CST" Interest="1.0" Kind="edit" Navigation="null" OriginId="org.eclipse.jdt.ui.CompilationUnitEditor" StartDate="2020-11-22 17:46:29.668 CST" StructureHandle="=JDBC/src&amp;lt;第一阶段{动态查询.java" StructureKind="java"/><InteractionEvent Delta="null" EndDate="2020-11-22 14:31:58.464 CST" Interest="1.0" Kind="propagation" Navigation="null" OriginId="org.eclipse.ui.navigator.ProjectExplorer" StartDate="2020-11-22 14:31:58.464 CST" StructureHandle="/Servers" StructureKind="resource"/><InteractionEvent Delta="null" EndDate="2020-11-22 14:31:58.462 CST" Interest="1.0" Kind="selection" Navigation="null" OriginId="org.eclipse.ui.navigator.ProjectExplorer" StartDate="2020-11-22 14:31:58.462 CST" StructureHandle="=Servers" StructureKind="java"/><InteractionEvent Delta="null" EndDate="2020-11-22 17:46:29.668 CST" Interest="2.7000003" Kind="propagation" Navigation="org.eclipse.mylyn.core.model.edges.containment" OriginId="org.eclipse.mylyn.core.model.interest.propagation" StartDate="2020-11-22 17:46:28.858 CST" StructureHandle="=JDBC/src" StructureKind="java" NumEvents="3" CreationCount="1350"/><InteractionEvent Delta="null" EndDate="2020-11-22 22:29:09.382 CST" Interest="36.0" Kind="selection" Navigation="null" OriginId="org.eclipse.jst.jsp.core.jspsource.source" StartDate="2020-11-22 14:32:29.130 CST" StructureHandle="/BBS/WebContent/replyOK.jsp" StructureKind="resource" NumEvents="36" CreationCount="24"/><InteractionEvent Delta="null" EndDate="2020-11-22 22:29:17.494 CST" Interest="50.0" Kind="edit" Navigation="null" OriginId="org.eclipse.jst.jsp.core.jspsource.source" StartDate="2020-11-22 14:32:29.294 CST" StructureHandle="/BBS/WebContent/replyOK.jsp" StructureKind="resource" NumEvents="50" CreationCount="24"/><InteractionEvent Delta="null" EndDate="2020-11-22 16:02:53.292 CST" Interest="4.0" Kind="selection" Navigation="null" OriginId="org.eclipse.ui.navigator.ProjectExplorer" StartDate="2020-11-22 14:32:06.747 CST" StructureHandle="/BBS/WebContent" StructureKind="resource" NumEvents="4" CreationCount="6"/><InteractionEvent Delta="null" EndDate="2020-11-24 14:06:00.725 CST" Interest="840.68805" Kind="propagation" Navigation="org.eclipse.mylyn.core.model.edges.containment" OriginId="org.eclipse.mylyn.core.model.interest.propagation" StartDate="2020-11-22 14:32:27.276 CST" StructureHandle="/BBS/WebContent" StructureKind="resource" NumEvents="1142" CreationCount="6"/><InteractionEvent Delta="null" EndDate="2020-11-22 15:27:20.317 CST" Interest="5.0" Kind="selection" Navigation="null" OriginId="org.eclipse.ui.navigator.ProjectExplorer" StartDate="2020-11-22 14:59:38.982 CST" StructureHandle="/BBS/BBSsql/bbs.sql" StructureKind="resource" NumEvents="5" CreationCount="133"/><InteractionEvent Delta="null" EndDate="2020-11-22 14:59:42.35 CST" Interest="4.0" Kind="edit" Navigation="null" OriginId="org.eclipse.datatools.sqltools.sqlscrapbook.SQLScrapbookEditor" StartDate="2020-11-22 14:59:39.962 CST" StructureHandle="/BBS/BBSsql/bbs.sql" StructureKind="resource" NumEvents="4" CreationCount="133"/><InteractionEvent Delta="null" EndDate="2020-11-22 14:31:59.628 CST" Interest="1.0" Kind="selection" Navigation="null" OriginId="org.eclipse.ui.navigator.ProjectExplorer" StartDate="2020-11-22 14:31:59.628 CST" StructureHandle="=JX_Student_Management_Web" StructureKind="java"/><InteractionEvent Delta="null" EndDate="2020-11-23 10:18:34.848 CST" Interest="1.0" Kind="selection" Navigation="null" OriginId="org.eclipse.jst.jsp.core.jspsource.source" StartDate="2020-11-23 10:18:34.848 CST" StructureHandle="/杂七杂八的玩意儿/WebContent/自己练习的bbs.jsp" StructureKind="resource"/><InteractionEvent Delta="null" EndDate="2020-11-23 10:18:34.523 CST" Interest="1.0" Kind="propagation" Navigation="null" OriginId="org.eclipse.mylyn.resources.ui.interest.updater" StartDate="2020-11-23 10:18:34.523 CST" StructureHandle="/杂七杂八的玩意儿/WebContent/自己练习的bbs.jsp" StructureKind="resource"/><InteractionEvent Delta="null" EndDate="2020-11-23 10:19:38.540 CST" Interest="32.0" Kind="edit" Navigation="null" OriginId="org.eclipse.jst.jsp.core.jspsource.source" StartDate="2020-11-23 10:18:34.966 CST" StructureHandle="/杂七杂八的玩意儿/WebContent/自己练习的bbs.jsp" StructureKind="resource" NumEvents="32" CreationCount="1962"/><InteractionEvent Delta="null" EndDate="2020-11-23 10:17:49.557 CST" Interest="3.0" Kind="selection" Navigation="null" OriginId="org.eclipse.ui.navigator.ProjectExplorer" StartDate="2020-11-22 14:57:51.400 CST" StructureHandle="/杂七杂八的玩意儿/WebContent" StructureKind="resource" NumEvents="3" CreationCount="73"/><InteractionEvent Delta="null" EndDate="2020-11-23 10:19:38.540 CST" Interest="53.513" Kind="propagation" Navigation="org.eclipse.mylyn.core.model.edges.containment" OriginId="org.eclipse.mylyn.core.model.interest.propagation" StartDate="2020-11-22 14:34:31.840 CST" StructureHandle="/杂七杂八的玩意儿/WebContent" StructureKind="resource" NumEvents="64" CreationCount="73"/><InteractionEvent Delta="null" EndDate="2020-11-23 10:16:46.664 CST" Interest="2.0" Kind="selection" Navigation="null" OriginId="org.eclipse.ui.navigator.ProjectExplorer" StartDate="2020-11-22 14:34:38.600 CST" StructureHandle="=杂七杂八的玩意儿" StructureKind="java" NumEvents="2" CreationCount="1931"/><InteractionEvent Delta="null" EndDate="2020-11-23 15:27:30.456 CST" Interest="54.513" Kind="propagation" Navigation="org.eclipse.mylyn.core.model.edges.containment" OriginId="org.eclipse.mylyn.core.model.interest.propagation" StartDate="2020-11-22 14:34:31.840 CST" StructureHandle="=杂七杂八的玩意儿" StructureKind="java" NumEvents="41" CreationCount="73"/><InteractionEvent Delta="null" EndDate="2020-11-23 15:27:33.79 CST" Interest="101.0" Kind="selection" Navigation="null" OriginId="org.eclipse.jst.jsp.core.jspsource.source" StartDate="2020-11-22 15:27:28.84 CST" StructureHandle="/BBS/WebContent/post.jsp" StructureKind="resource" NumEvents="101" CreationCount="216"/><InteractionEvent Delta="null" EndDate="2020-11-22 15:27:27.932 CST" Interest="1.0" Kind="propagation" Navigation="null" OriginId="org.eclipse.mylyn.resources.ui.interest.updater" StartDate="2020-11-22 15:27:27.932 CST" StructureHandle="/BBS/WebContent/post.jsp" StructureKind="resource"/><InteractionEvent Delta="null" EndDate="2020-11-24 14:06:00.723 CST" Interest="1040.0" Kind="edit" Navigation="null" OriginId="org.eclipse.jst.jsp.core.jspsource.source" StartDate="2020-11-22 15:27:28.191 CST" StructureHandle="/BBS/WebContent/post.jsp" StructureKind="resource" NumEvents="1040" CreationCount="870"/></InteractionHistory>